algorithm,size_label,size_bytes,operation,run_index,elapsed_ns,elapsed_ms
vigenere,256b,256,encrypt,1,125500,0.126
vigenere,256b,256,decrypt,1,119875,0.120
aes,256b,256,encrypt,1,18313875,18.314
aes,256b,256,decrypt,1,33100167,33.100
des3,256b,256,encrypt,1,51628375,51.628
des3,256b,256,decrypt,1,49838417,49.838
rsa,256b,256,encrypt,1,456791,0.457
rsa,256b,256,decrypt,1,482125,0.482
vigenere,256b,256,encrypt,2,124583,0.125
vigenere,256b,256,decrypt,2,118042,0.118
aes,256b,256,encrypt,2,18111834,18.112
aes,256b,256,decrypt,2,33316625,33.317
des3,256b,256,encrypt,2,50225000,50.225
des3,256b,256,decrypt,2,50134875,50.135
rsa,256b,256,encrypt,2,467833,0.468
rsa,256b,256,decrypt,2,457583,0.458
vigenere,256b,256,encrypt,3,128542,0.129
vigenere,256b,256,decrypt,3,116458,0.116
aes,256b,256,encrypt,3,18237709,18.238
aes,256b,256,decrypt,3,32920250,32.920
des3,256b,256,encrypt,3,50672042,50.672
des3,256b,256,decrypt,3,50004500,50.005
rsa,256b,256,encrypt,3,474583,0.475
rsa,256b,256,decrypt,3,480375,0.480
vigenere,256b,256,encrypt,4,129375,0.129
vigenere,256b,256,decrypt,4,126167,0.126
aes,256b,256,encrypt,4,18190750,18.191
aes,256b,256,decrypt,4,33033334,33.033
des3,256b,256,encrypt,4,50210125,50.210
des3,256b,256,decrypt,4,50375125,50.375
rsa,256b,256,encrypt,4,450708,0.451
rsa,256b,256,decrypt,4,456833,0.457
vigenere,256b,256,encrypt,5,125083,0.125
vigenere,256b,256,decrypt,5,117208,0.117
aes,256b,256,encrypt,5,18116250,18.116
aes,256b,256,decrypt,5,33153500,33.154
des3,256b,256,encrypt,5,50582625,50.583
des3,256b,256,decrypt,5,50351625,50.352
rsa,256b,256,encrypt,5,453834,0.454
rsa,256b,256,decrypt,5,467792,0.468
vigenere,256b,256,encrypt,6,126834,0.127
vigenere,256b,256,decrypt,6,118333,0.118
aes,256b,256,encrypt,6,18970250,18.970
aes,256b,256,decrypt,6,33150084,33.150
des3,256b,256,encrypt,6,50256041,50.256
des3,256b,256,decrypt,6,49563458,49.563
rsa,256b,256,encrypt,6,470792,0.471
rsa,256b,256,decrypt,6,455333,0.455
vigenere,256b,256,encrypt,7,124125,0.124
vigenere,256b,256,decrypt,7,120583,0.121
aes,256b,256,encrypt,7,18427459,18.427
aes,256b,256,decrypt,7,33045459,33.045
des3,256b,256,encrypt,7,49800375,49.800
des3,256b,256,decrypt,7,49350000,49.350
rsa,256b,256,encrypt,7,449583,0.450
rsa,256b,256,decrypt,7,467084,0.467
vigenere,256b,256,encrypt,8,123667,0.124
vigenere,256b,256,decrypt,8,127625,0.128
aes,256b,256,encrypt,8,18115250,18.115
aes,256b,256,decrypt,8,32793917,32.794
des3,256b,256,encrypt,8,49922459,49.922
des3,256b,256,decrypt,8,49794333,49.794
rsa,256b,256,encrypt,8,450833,0.451
rsa,256b,256,decrypt,8,470125,0.470
vigenere,256b,256,encrypt,9,125666,0.126
vigenere,256b,256,decrypt,9,116042,0.116
aes,256b,256,encrypt,9,17892333,17.892
aes,256b,256,decrypt,9,32740750,32.741
des3,256b,256,encrypt,9,49998333,49.998
des3,256b,256,decrypt,9,49392667,49.393
rsa,256b,256,encrypt,9,451666,0.452
rsa,256b,256,decrypt,9,454250,0.454
vigenere,256b,256,encrypt,10,123958,0.124
vigenere,256b,256,decrypt,10,117250,0.117
aes,256b,256,encrypt,10,57615041,57.615
aes,256b,256,decrypt,10,45455667,45.456
des3,256b,256,encrypt,10,49698875,49.699
des3,256b,256,decrypt,10,49435916,49.436
rsa,256b,256,encrypt,10,449709,0.450
rsa,256b,256,decrypt,10,467459,0.467
vigenere,512b,512,encrypt,1,243583,0.244
vigenere,512b,512,decrypt,1,231833,0.232
aes,512b,512,encrypt,1,34898792,34.899
aes,512b,512,decrypt,1,63410458,63.410
des3,512b,512,encrypt,1,98073167,98.073
des3,512b,512,decrypt,1,99472708,99.473
rsa,512b,512,encrypt,1,903875,0.904
rsa,512b,512,decrypt,1,909208,0.909
vigenere,512b,512,encrypt,2,236125,0.236
vigenere,512b,512,decrypt,2,231875,0.232
aes,512b,512,encrypt,2,34684750,34.685
aes,512b,512,decrypt,2,63543250,63.543
des3,512b,512,encrypt,2,98300209,98.300
des3,512b,512,decrypt,2,97483583,97.484
rsa,512b,512,encrypt,2,908000,0.908
rsa,512b,512,decrypt,2,915833,0.916
vigenere,512b,512,encrypt,3,236959,0.237
vigenere,512b,512,decrypt,3,222541,0.223
aes,512b,512,encrypt,3,35807000,35.807
aes,512b,512,decrypt,3,63403667,63.404
des3,512b,512,encrypt,3,97428458,97.428
des3,512b,512,decrypt,3,96738958,96.739
rsa,512b,512,encrypt,3,874583,0.875
rsa,512b,512,decrypt,3,983000,0.983
vigenere,512b,512,encrypt,4,233958,0.234
vigenere,512b,512,decrypt,4,226000,0.226
aes,512b,512,encrypt,4,34704167,34.704
aes,512b,512,decrypt,4,65143417,65.143
des3,512b,512,encrypt,4,97240542,97.241
des3,512b,512,decrypt,4,96585583,96.586
rsa,512b,512,encrypt,4,872125,0.872
rsa,512b,512,decrypt,4,924791,0.925
vigenere,512b,512,encrypt,5,233500,0.234
vigenere,512b,512,decrypt,5,231042,0.231
aes,512b,512,encrypt,5,34922417,34.922
aes,512b,512,decrypt,5,64511334,64.511
des3,512b,512,encrypt,5,100305250,100.305
des3,512b,512,decrypt,5,100681791,100.682
rsa,512b,512,encrypt,5,867542,0.868
rsa,512b,512,decrypt,5,890292,0.890
vigenere,512b,512,encrypt,6,232750,0.233
vigenere,512b,512,decrypt,6,221750,0.222
aes,512b,512,encrypt,6,34787333,34.787
aes,512b,512,decrypt,6,64107625,64.108
des3,512b,512,encrypt,6,99211916,99.212
des3,512b,512,decrypt,6,97926583,97.927
rsa,512b,512,encrypt,6,880042,0.880
rsa,512b,512,decrypt,6,885875,0.886
vigenere,512b,512,encrypt,7,232125,0.232
vigenere,512b,512,decrypt,7,222833,0.223
aes,512b,512,encrypt,7,34948375,34.948
aes,512b,512,decrypt,7,63651167,63.651
des3,512b,512,encrypt,7,97851833,97.852
des3,512b,512,decrypt,7,97586000,97.586
rsa,512b,512,encrypt,7,871041,0.871
rsa,512b,512,decrypt,7,887292,0.887
vigenere,512b,512,encrypt,8,231167,0.231
vigenere,512b,512,decrypt,8,224541,0.225
aes,512b,512,encrypt,8,34718250,34.718
aes,512b,512,decrypt,8,63474375,63.474
des3,512b,512,encrypt,8,98186125,98.186
des3,512b,512,decrypt,8,97460750,97.461
rsa,512b,512,encrypt,8,905458,0.905
rsa,512b,512,decrypt,8,925875,0.926
vigenere,512b,512,encrypt,9,237625,0.238
vigenere,512b,512,decrypt,9,236083,0.236
aes,512b,512,encrypt,9,34578833,34.579
aes,512b,512,decrypt,9,63617750,63.618
des3,512b,512,encrypt,9,98625750,98.626
des3,512b,512,decrypt,9,98496000,98.496
rsa,512b,512,encrypt,9,878916,0.879
rsa,512b,512,decrypt,9,895709,0.896
vigenere,512b,512,encrypt,10,233292,0.233
vigenere,512b,512,decrypt,10,228083,0.228
aes,512b,512,encrypt,10,34600875,34.601
aes,512b,512,decrypt,10,63986792,63.987
des3,512b,512,encrypt,10,98643000,98.643
des3,512b,512,decrypt,10,97975583,97.976
rsa,512b,512,encrypt,10,877000,0.877
rsa,512b,512,decrypt,10,892375,0.892
vigenere,1kb,1024,encrypt,1,466667,0.467
vigenere,1kb,1024,decrypt,1,453583,0.454
aes,1kb,1024,encrypt,1,68336459,68.336
aes,1kb,1024,decrypt,1,124772500,124.772
des3,1kb,1024,encrypt,1,194388166,194.388
des3,1kb,1024,decrypt,1,193148083,193.148
rsa,1kb,1024,encrypt,1,1801000,1.801
rsa,1kb,1024,decrypt,1,1771916,1.772
vigenere,1kb,1024,encrypt,2,445209,0.445
vigenere,1kb,1024,decrypt,2,461708,0.462
aes,1kb,1024,encrypt,2,68133958,68.134
aes,1kb,1024,decrypt,2,125298167,125.298
des3,1kb,1024,encrypt,2,194540208,194.540
des3,1kb,1024,decrypt,2,194274167,194.274
rsa,1kb,1024,encrypt,2,1736041,1.736
rsa,1kb,1024,decrypt,2,1759916,1.760
vigenere,1kb,1024,encrypt,3,459917,0.460
vigenere,1kb,1024,decrypt,3,446875,0.447
aes,1kb,1024,encrypt,3,67969375,67.969
aes,1kb,1024,decrypt,3,124845708,124.846
des3,1kb,1024,encrypt,3,197217458,197.217
des3,1kb,1024,decrypt,3,195519084,195.519
rsa,1kb,1024,encrypt,3,1753333,1.753
rsa,1kb,1024,decrypt,3,1793584,1.794
vigenere,1kb,1024,encrypt,4,455208,0.455
vigenere,1kb,1024,decrypt,4,449583,0.450
aes,1kb,1024,encrypt,4,68032375,68.032
aes,1kb,1024,decrypt,4,124333875,124.334
des3,1kb,1024,encrypt,4,193777459,193.777
des3,1kb,1024,decrypt,4,191706958,191.707
rsa,1kb,1024,encrypt,4,1917958,1.918
rsa,1kb,1024,decrypt,4,1802666,1.803
vigenere,1kb,1024,encrypt,5,448458,0.448
vigenere,1kb,1024,decrypt,5,439334,0.439
aes,1kb,1024,encrypt,5,68023750,68.024
aes,1kb,1024,decrypt,5,124185875,124.186
des3,1kb,1024,encrypt,5,192934000,192.934
des3,1kb,1024,decrypt,5,191774708,191.775
rsa,1kb,1024,encrypt,5,1796000,1.796
rsa,1kb,1024,decrypt,5,1821167,1.821
vigenere,1kb,1024,encrypt,6,451792,0.452
vigenere,1kb,1024,decrypt,6,438750,0.439
aes,1kb,1024,encrypt,6,67927916,67.928
aes,1kb,1024,decrypt,6,124143791,124.144
des3,1kb,1024,encrypt,6,192896834,192.897
des3,1kb,1024,decrypt,6,192059834,192.060
rsa,1kb,1024,encrypt,6,1738416,1.738
rsa,1kb,1024,decrypt,6,1779250,1.779
vigenere,1kb,1024,encrypt,7,447334,0.447
vigenere,1kb,1024,decrypt,7,438167,0.438
aes,1kb,1024,encrypt,7,67869584,67.870
aes,1kb,1024,decrypt,7,124471292,124.471
des3,1kb,1024,encrypt,7,193514292,193.514
des3,1kb,1024,decrypt,7,192119042,192.119
rsa,1kb,1024,encrypt,7,1834750,1.835
rsa,1kb,1024,decrypt,7,1805167,1.805
vigenere,1kb,1024,encrypt,8,462208,0.462
vigenere,1kb,1024,decrypt,8,450167,0.450
aes,1kb,1024,encrypt,8,68028417,68.028
aes,1kb,1024,decrypt,8,124240209,124.240
des3,1kb,1024,encrypt,8,192613500,192.613
des3,1kb,1024,decrypt,8,192270458,192.270
rsa,1kb,1024,encrypt,8,1785041,1.785
rsa,1kb,1024,decrypt,8,1789292,1.789
vigenere,1kb,1024,encrypt,9,452083,0.452
vigenere,1kb,1024,decrypt,9,467750,0.468
aes,1kb,1024,encrypt,9,67914167,67.914
aes,1kb,1024,decrypt,9,124157542,124.158
des3,1kb,1024,encrypt,9,193080583,193.081
des3,1kb,1024,decrypt,9,192530834,192.531
rsa,1kb,1024,encrypt,9,1764375,1.764
rsa,1kb,1024,decrypt,9,1753209,1.753
vigenere,1kb,1024,encrypt,10,455542,0.456
vigenere,1kb,1024,decrypt,10,442750,0.443
aes,1kb,1024,encrypt,10,68610417,68.610
aes,1kb,1024,decrypt,10,124117334,124.117
des3,1kb,1024,encrypt,10,193431583,193.432
des3,1kb,1024,decrypt,10,193725208,193.725
rsa,1kb,1024,encrypt,10,1748000,1.748
rsa,1kb,1024,decrypt,10,1766834,1.767
vigenere,2kb,2048,encrypt,1,915791,0.916
vigenere,2kb,2048,decrypt,1,894917,0.895
aes,2kb,2048,encrypt,1,133941167,133.941
aes,2kb,2048,decrypt,1,245525667,245.526
des3,2kb,2048,encrypt,1,386672375,386.672
des3,2kb,2048,decrypt,1,385996750,385.997
rsa,2kb,2048,encrypt,1,3548583,3.549
rsa,2kb,2048,decrypt,1,3728709,3.729
vigenere,2kb,2048,encrypt,2,921125,0.921
vigenere,2kb,2048,decrypt,2,898541,0.899
aes,2kb,2048,encrypt,2,134234208,134.234
aes,2kb,2048,decrypt,2,245929375,245.929
des3,2kb,2048,encrypt,2,387164875,387.165
des3,2kb,2048,decrypt,2,385448334,385.448
rsa,2kb,2048,encrypt,2,3458875,3.459
rsa,2kb,2048,decrypt,2,3548625,3.549
vigenere,2kb,2048,encrypt,3,885250,0.885
vigenere,2kb,2048,decrypt,3,866834,0.867
aes,2kb,2048,encrypt,3,134278500,134.279
aes,2kb,2048,decrypt,3,245895209,245.895
des3,2kb,2048,encrypt,3,387056875,387.057
des3,2kb,2048,decrypt,3,385643167,385.643
rsa,2kb,2048,encrypt,3,3657667,3.658
rsa,2kb,2048,decrypt,3,3511375,3.511
vigenere,2kb,2048,encrypt,4,891583,0.892
vigenere,2kb,2048,decrypt,4,873250,0.873
aes,2kb,2048,encrypt,4,134541750,134.542
aes,2kb,2048,decrypt,4,246740166,246.740
des3,2kb,2048,encrypt,4,386694667,386.695
des3,2kb,2048,decrypt,4,385140500,385.140
rsa,2kb,2048,encrypt,4,3599583,3.600
rsa,2kb,2048,decrypt,4,3560708,3.561
vigenere,2kb,2048,encrypt,5,935917,0.936
vigenere,2kb,2048,decrypt,5,908250,0.908
aes,2kb,2048,encrypt,5,133984250,133.984
aes,2kb,2048,decrypt,5,246833417,246.833
des3,2kb,2048,encrypt,5,386378792,386.379
des3,2kb,2048,decrypt,5,385577958,385.578
rsa,2kb,2048,encrypt,5,3386209,3.386
rsa,2kb,2048,decrypt,5,3503333,3.503
vigenere,2kb,2048,encrypt,6,986459,0.986
vigenere,2kb,2048,decrypt,6,878417,0.878
aes,2kb,2048,encrypt,6,134026958,134.027
aes,2kb,2048,decrypt,6,245642834,245.643
des3,2kb,2048,encrypt,6,386702458,386.702
des3,2kb,2048,decrypt,6,385652875,385.653
rsa,2kb,2048,encrypt,6,3468584,3.469
rsa,2kb,2048,decrypt,6,3513833,3.514
vigenere,2kb,2048,encrypt,7,910750,0.911
vigenere,2kb,2048,decrypt,7,886417,0.886
aes,2kb,2048,encrypt,7,134652625,134.653
aes,2kb,2048,decrypt,7,287886125,287.886
des3,2kb,2048,encrypt,7,386771917,386.772
des3,2kb,2048,decrypt,7,385925542,385.926
rsa,2kb,2048,encrypt,7,3677958,3.678
rsa,2kb,2048,decrypt,7,3762083,3.762
vigenere,2kb,2048,encrypt,8,1028833,1.029
vigenere,2kb,2048,decrypt,8,893416,0.893
aes,2kb,2048,encrypt,8,133982291,133.982
aes,2kb,2048,decrypt,8,246139625,246.140
des3,2kb,2048,encrypt,8,428692209,428.692
des3,2kb,2048,decrypt,8,385584250,385.584
rsa,2kb,2048,encrypt,8,3440209,3.440
rsa,2kb,2048,decrypt,8,3565583,3.566
vigenere,2kb,2048,encrypt,9,1041459,1.041
vigenere,2kb,2048,decrypt,9,890417,0.890
aes,2kb,2048,encrypt,9,134226667,134.227
aes,2kb,2048,decrypt,9,246281125,246.281
des3,2kb,2048,encrypt,9,387171041,387.171
des3,2kb,2048,decrypt,9,385881333,385.881
rsa,2kb,2048,encrypt,9,3420583,3.421
rsa,2kb,2048,decrypt,9,3496042,3.496
vigenere,2kb,2048,encrypt,10,890958,0.891
vigenere,2kb,2048,decrypt,10,903417,0.903
aes,2kb,2048,encrypt,10,134337667,134.338
aes,2kb,2048,decrypt,10,246695417,246.695
des3,2kb,2048,encrypt,10,383857333,383.857
des3,2kb,2048,decrypt,10,382429333,382.429
rsa,2kb,2048,encrypt,10,3443958,3.444
rsa,2kb,2048,decrypt,10,3634667,3.635
vigenere,4kb,4096,encrypt,1,1869250,1.869
vigenere,4kb,4096,decrypt,1,2010875,2.011
aes,4kb,4096,encrypt,1,265696208,265.696
aes,4kb,4096,decrypt,1,489714208,489.714
des3,4kb,4096,encrypt,1,767264125,767.264
des3,4kb,4096,decrypt,1,770171583,770.172
rsa,4kb,4096,encrypt,1,6955875,6.956
rsa,4kb,4096,decrypt,1,7649542,7.650
vigenere,4kb,4096,encrypt,2,1987500,1.988
vigenere,4kb,4096,decrypt,2,1992458,1.992
aes,4kb,4096,encrypt,2,271017167,271.017
aes,4kb,4096,decrypt,2,497015875,497.016
des3,4kb,4096,encrypt,2,790385792,790.386
des3,4kb,4096,decrypt,2,764606125,764.606
rsa,4kb,4096,encrypt,2,7061459,7.061
rsa,4kb,4096,decrypt,2,7710875,7.711
vigenere,4kb,4096,encrypt,3,1751041,1.751
vigenere,4kb,4096,decrypt,3,1743958,1.744
aes,4kb,4096,encrypt,3,267447167,267.447
aes,4kb,4096,decrypt,3,491397375,491.397
des3,4kb,4096,encrypt,3,766802625,766.803
des3,4kb,4096,decrypt,3,762746042,762.746
rsa,4kb,4096,encrypt,3,7018250,7.018
rsa,4kb,4096,decrypt,3,7491416,7.491
vigenere,4kb,4096,encrypt,4,1786292,1.786
vigenere,4kb,4096,decrypt,4,1746417,1.746
aes,4kb,4096,encrypt,4,266497209,266.497
aes,4kb,4096,decrypt,4,490852500,490.853
des3,4kb,4096,encrypt,4,770752791,770.753
des3,4kb,4096,decrypt,4,774006291,774.006
rsa,4kb,4096,encrypt,4,6934292,6.934
rsa,4kb,4096,decrypt,4,7730292,7.730
vigenere,4kb,4096,encrypt,5,1770166,1.770
vigenere,4kb,4096,decrypt,5,1750667,1.751
aes,4kb,4096,encrypt,5,271013875,271.014
aes,4kb,4096,decrypt,5,494378250,494.378
des3,4kb,4096,encrypt,5,766386417,766.386
des3,4kb,4096,decrypt,5,764157458,764.157
rsa,4kb,4096,encrypt,5,7145833,7.146
rsa,4kb,4096,decrypt,5,8028792,8.029
vigenere,4kb,4096,encrypt,6,1777750,1.778
vigenere,4kb,4096,decrypt,6,1727792,1.728
aes,4kb,4096,encrypt,6,266005583,266.006
aes,4kb,4096,decrypt,6,491077959,491.078
des3,4kb,4096,encrypt,6,773132833,773.133
des3,4kb,4096,decrypt,6,769879250,769.879
rsa,4kb,4096,encrypt,6,7133250,7.133
rsa,4kb,4096,decrypt,6,7747084,7.747
vigenere,4kb,4096,encrypt,7,1779208,1.779
vigenere,4kb,4096,decrypt,7,1731834,1.732
aes,4kb,4096,encrypt,7,265404000,265.404
aes,4kb,4096,decrypt,7,490543333,490.543
des3,4kb,4096,encrypt,7,773237250,773.237
des3,4kb,4096,decrypt,7,772140583,772.141
rsa,4kb,4096,encrypt,7,7003125,7.003
rsa,4kb,4096,decrypt,7,7254417,7.254
vigenere,4kb,4096,encrypt,8,1765084,1.765
vigenere,4kb,4096,decrypt,8,1726333,1.726
aes,4kb,4096,encrypt,8,266862708,266.863
aes,4kb,4096,decrypt,8,490323292,490.323
des3,4kb,4096,encrypt,8,773085291,773.085
des3,4kb,4096,decrypt,8,769877500,769.878
rsa,4kb,4096,encrypt,8,7143292,7.143
rsa,4kb,4096,decrypt,8,7354542,7.355
vigenere,4kb,4096,encrypt,9,1788167,1.788
vigenere,4kb,4096,decrypt,9,1751417,1.751
aes,4kb,4096,encrypt,9,266754042,266.754
aes,4kb,4096,decrypt,9,490930584,490.931
des3,4kb,4096,encrypt,9,772196250,772.196
des3,4kb,4096,decrypt,9,768032958,768.033
rsa,4kb,4096,encrypt,9,6973167,6.973
rsa,4kb,4096,decrypt,9,7424417,7.424
vigenere,4kb,4096,encrypt,10,1779459,1.779
vigenere,4kb,4096,decrypt,10,1744292,1.744
aes,4kb,4096,encrypt,10,266020542,266.021
aes,4kb,4096,decrypt,10,490470500,490.471
des3,4kb,4096,encrypt,10,774581291,774.581
des3,4kb,4096,decrypt,10,770549500,770.549
rsa,4kb,4096,encrypt,10,7153541,7.154
rsa,4kb,4096,decrypt,10,7421250,7.421
vigenere,8kb,8192,encrypt,1,3532417,3.532
vigenere,8kb,8192,decrypt,1,3670000,3.670
aes,8kb,8192,encrypt,1,529767083,529.767
aes,8kb,8192,decrypt,1,977521417,977.521
des3,8kb,8192,encrypt,1,1540622708,1540.623
des3,8kb,8192,decrypt,1,1554069292,1554.069
rsa,8kb,8192,encrypt,1,14683875,14.684
rsa,8kb,8192,decrypt,1,14039333,14.039
vigenere,8kb,8192,encrypt,2,3562041,3.562
vigenere,8kb,8192,decrypt,2,3568083,3.568
aes,8kb,8192,encrypt,2,529841125,529.841
aes,8kb,8192,decrypt,2,979719416,979.719
des3,8kb,8192,encrypt,2,1573272166,1573.272
des3,8kb,8192,decrypt,2,1535529167,1535.529
rsa,8kb,8192,encrypt,2,14489292,14.489
rsa,8kb,8192,decrypt,2,14512792,14.513
vigenere,8kb,8192,encrypt,3,3568667,3.569
vigenere,8kb,8192,decrypt,3,3635125,3.635
aes,8kb,8192,encrypt,3,529567541,529.568
aes,8kb,8192,decrypt,3,979268792,979.269
des3,8kb,8192,encrypt,3,1540881250,1540.881
des3,8kb,8192,decrypt,3,1535611041,1535.611
rsa,8kb,8192,encrypt,3,14319375,14.319
rsa,8kb,8192,decrypt,3,14173875,14.174
vigenere,8kb,8192,encrypt,4,3583709,3.584
vigenere,8kb,8192,decrypt,4,3858167,3.858
aes,8kb,8192,encrypt,4,529491750,529.492
aes,8kb,8192,decrypt,4,979073417,979.073
des3,8kb,8192,encrypt,4,1548936541,1548.937
des3,8kb,8192,decrypt,4,1542626083,1542.626
rsa,8kb,8192,encrypt,4,14356750,14.357
rsa,8kb,8192,decrypt,4,14235042,14.235
vigenere,8kb,8192,encrypt,5,3668334,3.668
vigenere,8kb,8192,decrypt,5,3540791,3.541
aes,8kb,8192,encrypt,5,529427625,529.428
aes,8kb,8192,decrypt,5,979226375,979.226
des3,8kb,8192,encrypt,5,1543636584,1543.637
des3,8kb,8192,decrypt,5,1534371083,1534.371
rsa,8kb,8192,encrypt,5,14081833,14.082
rsa,8kb,8192,decrypt,5,13792709,13.793
vigenere,8kb,8192,encrypt,6,3500041,3.500
vigenere,8kb,8192,decrypt,6,3570708,3.571
aes,8kb,8192,encrypt,6,529842500,529.842
aes,8kb,8192,decrypt,6,978893458,978.893
des3,8kb,8192,encrypt,6,1542751958,1542.752
des3,8kb,8192,decrypt,6,1534864459,1534.864
rsa,8kb,8192,encrypt,6,13939542,13.940
rsa,8kb,8192,decrypt,6,14013958,14.014
vigenere,8kb,8192,encrypt,7,3501875,3.502
vigenere,8kb,8192,decrypt,7,3533458,3.533
aes,8kb,8192,encrypt,7,530053834,530.054
aes,8kb,8192,decrypt,7,1060009875,1060.010
des3,8kb,8192,encrypt,7,1543121292,1543.121
des3,8kb,8192,decrypt,7,1536881291,1536.881
rsa,8kb,8192,encrypt,7,14161583,14.162
rsa,8kb,8192,decrypt,7,13956584,13.957
vigenere,8kb,8192,encrypt,8,3579000,3.579
vigenere,8kb,8192,decrypt,8,3767292,3.767
aes,8kb,8192,encrypt,8,529989583,529.990
aes,8kb,8192,decrypt,8,1017923333,1017.923
des3,8kb,8192,encrypt,8,1556946334,1556.946
des3,8kb,8192,decrypt,8,1558432750,1558.433
rsa,8kb,8192,encrypt,8,14166000,14.166
rsa,8kb,8192,decrypt,8,14082916,14.083
vigenere,8kb,8192,encrypt,9,3497500,3.498
vigenere,8kb,8192,decrypt,9,3627584,3.628
aes,8kb,8192,encrypt,9,529855917,529.856
aes,8kb,8192,decrypt,9,1000532583,1000.533
des3,8kb,8192,encrypt,9,1543304541,1543.305
des3,8kb,8192,decrypt,9,1536868208,1536.868
rsa,8kb,8192,encrypt,9,14523167,14.523
rsa,8kb,8192,decrypt,9,25364292,25.364
vigenere,8kb,8192,encrypt,10,13746709,13.747
vigenere,8kb,8192,decrypt,10,21239250,21.239
aes,8kb,8192,encrypt,10,585687000,585.687
aes,8kb,8192,decrypt,10,979091750,979.092
des3,8kb,8192,encrypt,10,1542388125,1542.388
des3,8kb,8192,decrypt,10,1541061666,1541.062
rsa,8kb,8192,encrypt,10,13764709,13.765
rsa,8kb,8192,decrypt,10,14417000,14.417
vigenere,10kb,10240,encrypt,1,4462458,4.462
vigenere,10kb,10240,decrypt,1,4390625,4.391
aes,10kb,10240,encrypt,1,669195458,669.195
aes,10kb,10240,decrypt,1,1277398334,1277.398
des3,10kb,10240,encrypt,1,1914491292,1914.491
des3,10kb,10240,decrypt,1,1907648917,1907.649
rsa,10kb,10240,encrypt,1,17339500,17.340
rsa,10kb,10240,decrypt,1,17527750,17.528
vigenere,10kb,10240,encrypt,2,4291292,4.291
vigenere,10kb,10240,decrypt,2,4466542,4.467
aes,10kb,10240,encrypt,2,662791708,662.792
aes,10kb,10240,decrypt,2,1221791334,1221.791
des3,10kb,10240,encrypt,2,1936093417,1936.093
des3,10kb,10240,decrypt,2,1935072042,1935.072
rsa,10kb,10240,encrypt,2,17900000,17.900
rsa,10kb,10240,decrypt,2,17489917,17.490
vigenere,10kb,10240,encrypt,3,4392541,4.393
vigenere,10kb,10240,decrypt,3,4686917,4.687
aes,10kb,10240,encrypt,3,662067959,662.068
aes,10kb,10240,decrypt,3,1221825584,1221.826
des3,10kb,10240,encrypt,3,1925616083,1925.616
des3,10kb,10240,decrypt,3,1919636833,1919.637
rsa,10kb,10240,encrypt,3,17581708,17.582
rsa,10kb,10240,decrypt,3,17619916,17.620
vigenere,10kb,10240,encrypt,4,4471750,4.472
vigenere,10kb,10240,decrypt,4,4420333,4.420
aes,10kb,10240,encrypt,4,662321708,662.322
aes,10kb,10240,decrypt,4,1225917708,1225.918
des3,10kb,10240,encrypt,4,1924502583,1924.503
des3,10kb,10240,decrypt,4,1919188333,1919.188
rsa,10kb,10240,encrypt,4,17563667,17.564
rsa,10kb,10240,decrypt,4,17633750,17.634
vigenere,10kb,10240,encrypt,5,4460292,4.460
vigenere,10kb,10240,decrypt,5,4525084,4.525
aes,10kb,10240,encrypt,5,808890416,808.890
aes,10kb,10240,decrypt,5,1238175959,1238.176
des3,10kb,10240,encrypt,5,1915077208,1915.077
des3,10kb,10240,decrypt,5,1920300083,1920.300
rsa,10kb,10240,encrypt,5,17846666,17.847
rsa,10kb,10240,decrypt,5,17482958,17.483
vigenere,10kb,10240,encrypt,6,4414042,4.414
vigenere,10kb,10240,decrypt,6,4320458,4.320
aes,10kb,10240,encrypt,6,661949375,661.949
aes,10kb,10240,decrypt,6,1221809625,1221.810
des3,10kb,10240,encrypt,6,1920841417,1920.841
des3,10kb,10240,decrypt,6,1917076334,1917.076
rsa,10kb,10240,encrypt,6,17429417,17.429
rsa,10kb,10240,decrypt,6,17352042,17.352
vigenere,10kb,10240,encrypt,7,4291084,4.291
vigenere,10kb,10240,decrypt,7,4360417,4.360
aes,10kb,10240,encrypt,7,662954291,662.954
aes,10kb,10240,decrypt,7,1225627042,1225.627
des3,10kb,10240,encrypt,7,1917664125,1917.664
des3,10kb,10240,decrypt,7,1908372917,1908.373
rsa,10kb,10240,encrypt,7,17551625,17.552
rsa,10kb,10240,decrypt,7,17535375,17.535
vigenere,10kb,10240,encrypt,8,4281708,4.282
vigenere,10kb,10240,decrypt,8,4389292,4.389
aes,10kb,10240,encrypt,8,661195500,661.196
aes,10kb,10240,decrypt,8,1222668500,1222.668
des3,10kb,10240,encrypt,8,2000353625,2000.354
des3,10kb,10240,decrypt,8,3120119750,3120.120
rsa,10kb,10240,encrypt,8,17587125,17.587
rsa,10kb,10240,decrypt,8,19030750,19.031
vigenere,10kb,10240,encrypt,9,6902167,6.902
vigenere,10kb,10240,decrypt,9,4721708,4.722
aes,10kb,10240,encrypt,9,668805334,668.805
aes,10kb,10240,decrypt,9,1227410834,1227.411
des3,10kb,10240,encrypt,9,1920581125,1920.581
des3,10kb,10240,decrypt,9,1912538875,1912.539
rsa,10kb,10240,encrypt,9,17134959,17.135
rsa,10kb,10240,decrypt,9,17559583,17.560
vigenere,10kb,10240,encrypt,10,4310208,4.310
vigenere,10kb,10240,decrypt,10,4417208,4.417
aes,10kb,10240,encrypt,10,661794000,661.794
aes,10kb,10240,decrypt,10,1243270375,1243.270
des3,10kb,10240,encrypt,10,1925303417,1925.303
des3,10kb,10240,decrypt,10,1918485500,1918.486
rsa,10kb,10240,encrypt,10,17380125,17.380
rsa,10kb,10240,decrypt,10,18391750,18.392
vigenere,16kb,16384,encrypt,1,7052125,7.052
vigenere,16kb,16384,decrypt,1,6948250,6.948
aes,16kb,16384,encrypt,1,1057483250,1057.483
aes,16kb,16384,decrypt,1,1970266041,1970.266
des3,16kb,16384,encrypt,1,3070705542,3070.706
des3,16kb,16384,decrypt,1,3057115250,3057.115
rsa,16kb,16384,encrypt,1,27049542,27.050
rsa,16kb,16384,decrypt,1,27658792,27.659
vigenere,16kb,16384,encrypt,2,6925750,6.926
vigenere,16kb,16384,decrypt,2,6903958,6.904
aes,16kb,16384,encrypt,2,1058242542,1058.243
aes,16kb,16384,decrypt,2,1964179917,1964.180
des3,16kb,16384,encrypt,2,3064304417,3064.304
des3,16kb,16384,decrypt,2,3155736750,3155.737
rsa,16kb,16384,encrypt,2,28002542,28.003
rsa,16kb,16384,decrypt,2,29393917,29.394
vigenere,16kb,16384,encrypt,3,7052000,7.052
vigenere,16kb,16384,decrypt,3,7102083,7.102
aes,16kb,16384,encrypt,3,1096638958,1096.639
aes,16kb,16384,decrypt,3,2679601541,2679.602
des3,16kb,16384,encrypt,3,3072566583,3072.567
des3,16kb,16384,decrypt,3,3055534334,3055.534
rsa,16kb,16384,encrypt,3,28213167,28.213
rsa,16kb,16384,decrypt,3,28721667,28.722
vigenere,16kb,16384,encrypt,4,7430292,7.430
vigenere,16kb,16384,decrypt,4,6981958,6.982
aes,16kb,16384,encrypt,4,1059042084,1059.042
aes,16kb,16384,decrypt,4,1957196708,1957.197
des3,16kb,16384,encrypt,4,3082964583,3082.965
des3,16kb,16384,decrypt,4,3271299542,3271.300
rsa,16kb,16384,encrypt,4,27869333,27.869
rsa,16kb,16384,decrypt,4,28012791,28.013
vigenere,16kb,16384,encrypt,5,7308875,7.309
vigenere,16kb,16384,decrypt,5,7102000,7.102
aes,16kb,16384,encrypt,5,1059380208,1059.380
aes,16kb,16384,decrypt,5,1962663708,1962.664
des3,16kb,16384,encrypt,5,3067980750,3067.981
des3,16kb,16384,decrypt,5,3066065291,3066.065
rsa,16kb,16384,encrypt,5,28119125,28.119
rsa,16kb,16384,decrypt,5,27988625,27.989
vigenere,16kb,16384,encrypt,6,7178167,7.178
vigenere,16kb,16384,decrypt,6,7003167,7.003
aes,16kb,16384,encrypt,6,1079985000,1079.985
aes,16kb,16384,decrypt,6,1957696625,1957.697
des3,16kb,16384,encrypt,6,3070604042,3070.604
des3,16kb,16384,decrypt,6,3059635083,3059.635
rsa,16kb,16384,encrypt,6,27976167,27.976
rsa,16kb,16384,decrypt,6,27987541,27.988
vigenere,16kb,16384,encrypt,7,7129625,7.130
vigenere,16kb,16384,decrypt,7,7048375,7.048
aes,16kb,16384,encrypt,7,1059313250,1059.313
aes,16kb,16384,decrypt,7,1960146792,1960.147
des3,16kb,16384,encrypt,7,3063517792,3063.518
des3,16kb,16384,decrypt,7,3051405666,3051.406
rsa,16kb,16384,encrypt,7,27850542,27.851
rsa,16kb,16384,decrypt,7,27929708,27.930
vigenere,16kb,16384,encrypt,8,7204417,7.204
vigenere,16kb,16384,decrypt,8,7310834,7.311
aes,16kb,16384,encrypt,8,1056764959,1056.765
aes,16kb,16384,decrypt,8,1952214333,1952.214
des3,16kb,16384,encrypt,8,3103792542,3103.793
des3,16kb,16384,decrypt,8,3096490625,3096.491
rsa,16kb,16384,encrypt,8,27930542,27.931
rsa,16kb,16384,decrypt,8,27933041,27.933
vigenere,16kb,16384,encrypt,9,7322416,7.322
vigenere,16kb,16384,decrypt,9,7094250,7.094
aes,16kb,16384,encrypt,9,1056943667,1056.944
aes,16kb,16384,decrypt,9,1953682584,1953.683
des3,16kb,16384,encrypt,9,3080004625,3080.005
des3,16kb,16384,decrypt,9,3075036708,3075.037
rsa,16kb,16384,encrypt,9,27936458,27.936
rsa,16kb,16384,decrypt,9,28024917,28.025
vigenere,16kb,16384,encrypt,10,7371292,7.371
vigenere,16kb,16384,decrypt,10,7111834,7.112
aes,16kb,16384,encrypt,10,1055510084,1055.510
aes,16kb,16384,decrypt,10,1952217500,1952.217
des3,16kb,16384,encrypt,10,3078776792,3078.777
des3,16kb,16384,decrypt,10,3071823917,3071.824
rsa,16kb,16384,encrypt,10,28042625,28.043
rsa,16kb,16384,decrypt,10,32618250,32.618
vigenere,32kb,32768,encrypt,1,14623583,14.624
vigenere,32kb,32768,decrypt,1,14626458,14.626
aes,32kb,32768,encrypt,1,2110961042,2110.961
aes,32kb,32768,decrypt,1,3906348083,3906.348
des3,32kb,32768,encrypt,1,6158031000,6158.031
des3,32kb,32768,decrypt,1,6147159500,6147.159
rsa,32kb,32768,encrypt,1,55143750,55.144
rsa,32kb,32768,decrypt,1,56064875,56.065
vigenere,32kb,32768,encrypt,2,14417375,14.417
vigenere,32kb,32768,decrypt,2,14181958,14.182
aes,32kb,32768,encrypt,2,2109951417,2109.951
aes,32kb,32768,decrypt,2,3898857625,3898.858
des3,32kb,32768,encrypt,2,6229024834,6229.025
des3,32kb,32768,decrypt,2,6215262833,6215.263
rsa,32kb,32768,encrypt,2,55413458,55.413
rsa,32kb,32768,decrypt,2,56224375,56.224
vigenere,32kb,32768,encrypt,3,14298459,14.298
vigenere,32kb,32768,decrypt,3,14398375,14.398
aes,32kb,32768,encrypt,3,2116260083,2116.260
aes,32kb,32768,decrypt,3,3904705625,3904.706
des3,32kb,32768,encrypt,3,6157091333,6157.091
des3,32kb,32768,decrypt,3,6154194042,6154.194
rsa,32kb,32768,encrypt,3,55841208,55.841
rsa,32kb,32768,decrypt,3,55990458,55.990
vigenere,32kb,32768,encrypt,4,14403250,14.403
vigenere,32kb,32768,decrypt,4,13977958,13.978
aes,32kb,32768,encrypt,4,2109732709,2109.733
aes,32kb,32768,decrypt,4,4290925666,4290.926
des3,32kb,32768,encrypt,4,6782387834,6782.388
des3,32kb,32768,decrypt,4,6719033042,6719.033
rsa,32kb,32768,encrypt,4,55782041,55.782
rsa,32kb,32768,decrypt,4,56030625,56.031
vigenere,32kb,32768,encrypt,5,14351000,14.351
vigenere,32kb,32768,decrypt,5,13989250,13.989
aes,32kb,32768,encrypt,5,2111375750,2111.376
aes,32kb,32768,decrypt,5,3899174041,3899.174
des3,32kb,32768,encrypt,5,6343699667,6343.700
des3,32kb,32768,decrypt,5,6143146542,6143.147
rsa,32kb,32768,encrypt,5,55088458,55.088
rsa,32kb,32768,decrypt,5,55878292,55.878
vigenere,32kb,32768,encrypt,6,15780333,15.780
vigenere,32kb,32768,decrypt,6,16334875,16.335
aes,32kb,32768,encrypt,6,2109434125,2109.434
aes,32kb,32768,decrypt,6,3902009750,3902.010
des3,32kb,32768,encrypt,6,6182099125,6182.099
des3,32kb,32768,decrypt,6,6159502917,6159.503
rsa,32kb,32768,encrypt,6,55252167,55.252
rsa,32kb,32768,decrypt,6,55735917,55.736
vigenere,32kb,32768,encrypt,7,14391875,14.392
vigenere,32kb,32768,decrypt,7,14154625,14.155
aes,32kb,32768,encrypt,7,2108783167,2108.783
aes,32kb,32768,decrypt,7,3900849875,3900.850
des3,32kb,32768,encrypt,7,6158098583,6158.099
des3,32kb,32768,decrypt,7,6152619625,6152.620
rsa,32kb,32768,encrypt,7,54982916,54.983
rsa,32kb,32768,decrypt,7,55845750,55.846
vigenere,32kb,32768,encrypt,8,14667917,14.668
vigenere,32kb,32768,decrypt,8,14053834,14.054
aes,32kb,32768,encrypt,8,2116816375,2116.816
aes,32kb,32768,decrypt,8,3939852667,3939.853
des3,32kb,32768,encrypt,8,6149150500,6149.150
des3,32kb,32768,decrypt,8,6147920250,6147.920
rsa,32kb,32768,encrypt,8,55070458,55.070
rsa,32kb,32768,decrypt,8,55801500,55.801
vigenere,32kb,32768,encrypt,9,14302917,14.303
vigenere,32kb,32768,decrypt,9,14167250,14.167
aes,32kb,32768,encrypt,9,2111029667,2111.030
aes,32kb,32768,decrypt,9,3900765875,3900.766
des3,32kb,32768,encrypt,9,6152471125,6152.471
des3,32kb,32768,decrypt,9,6151812750,6151.813
rsa,32kb,32768,encrypt,9,55251542,55.252
rsa,32kb,32768,decrypt,9,56072208,56.072
vigenere,32kb,32768,encrypt,10,14404417,14.404
vigenere,32kb,32768,decrypt,10,14319084,14.319
aes,32kb,32768,encrypt,10,2205629292,2205.629
aes,32kb,32768,decrypt,10,3899536209,3899.536
des3,32kb,32768,encrypt,10,6158935209,6158.935
des3,32kb,32768,decrypt,10,6144728875,6144.729
rsa,32kb,32768,encrypt,10,55055042,55.055
rsa,32kb,32768,decrypt,10,55901542,55.902
vigenere,64kb,65536,encrypt,1,28734375,28.734
vigenere,64kb,65536,decrypt,1,28627750,28.628
aes,64kb,65536,encrypt,1,4214110791,4214.111
aes,64kb,65536,decrypt,1,7871919291,7871.919
des3,64kb,65536,encrypt,1,12848885250,12848.885
des3,64kb,65536,decrypt,1,12493176666,12493.177
rsa,64kb,65536,encrypt,1,111396792,111.397
rsa,64kb,65536,decrypt,1,111952500,111.953
vigenere,64kb,65536,encrypt,2,29351083,29.351
vigenere,64kb,65536,decrypt,2,29216208,29.216
aes,64kb,65536,encrypt,2,4231629416,4231.629
aes,64kb,65536,decrypt,2,7837542125,7837.542
des3,64kb,65536,encrypt,2,12295432500,12295.433
des3,64kb,65536,decrypt,2,12337127667,12337.128
rsa,64kb,65536,encrypt,2,129641750,129.642
rsa,64kb,65536,decrypt,2,111604917,111.605
vigenere,64kb,65536,encrypt,3,29145958,29.146
vigenere,64kb,65536,decrypt,3,29362291,29.362
aes,64kb,65536,encrypt,3,4235824000,4235.824
aes,64kb,65536,decrypt,3,7850555083,7850.555
des3,64kb,65536,encrypt,3,12277906958,12277.907
des3,64kb,65536,decrypt,3,12278066416,12278.066
rsa,64kb,65536,encrypt,3,111096083,111.096
rsa,64kb,65536,decrypt,3,112235250,112.235
vigenere,64kb,65536,encrypt,4,29056209,29.056
vigenere,64kb,65536,decrypt,4,29224834,29.225
aes,64kb,65536,encrypt,4,4214997041,4214.997
aes,64kb,65536,decrypt,4,7808637042,7808.637
des3,64kb,65536,encrypt,4,12351781541,12351.782
des3,64kb,65536,decrypt,4,12463063291,12463.063
rsa,64kb,65536,encrypt,4,112511375,112.511
rsa,64kb,65536,decrypt,4,185647375,185.647
vigenere,64kb,65536,encrypt,5,38627083,38.627
vigenere,64kb,65536,decrypt,5,33863375,33.863
aes,64kb,65536,encrypt,5,4225867292,4225.867
aes,64kb,65536,decrypt,5,8083762917,8083.763
des3,64kb,65536,encrypt,5,12557923917,12557.924
des3,64kb,65536,decrypt,5,12452000916,12452.001
rsa,64kb,65536,encrypt,5,112152333,112.152
rsa,64kb,65536,decrypt,5,112706542,112.707
vigenere,64kb,65536,encrypt,6,29071417,29.071
vigenere,64kb,65536,decrypt,6,29330292,29.330
aes,64kb,65536,encrypt,6,4254137334,4254.137
aes,64kb,65536,decrypt,6,9199876292,9199.876
des3,64kb,65536,encrypt,6,12653842416,12653.842
des3,64kb,65536,decrypt,6,12479071625,12479.072
rsa,64kb,65536,encrypt,6,180384167,180.384
rsa,64kb,65536,decrypt,6,111361625,111.362
vigenere,64kb,65536,encrypt,7,28657333,28.657
vigenere,64kb,65536,decrypt,7,28319167,28.319
aes,64kb,65536,encrypt,7,4231126625,4231.127
aes,64kb,65536,decrypt,7,7823823000,7823.823
des3,64kb,65536,encrypt,7,12383768334,12383.768
des3,64kb,65536,decrypt,7,12486377375,12486.377
rsa,64kb,65536,encrypt,7,126577834,126.578
rsa,64kb,65536,decrypt,7,114637750,114.638
vigenere,64kb,65536,encrypt,8,29086833,29.087
vigenere,64kb,65536,decrypt,8,28841250,28.841
aes,64kb,65536,encrypt,8,4261415250,4261.415
aes,64kb,65536,decrypt,8,7843012000,7843.012
des3,64kb,65536,encrypt,8,12392519208,12392.519
des3,64kb,65536,decrypt,8,12410279458,12410.279
rsa,64kb,65536,encrypt,8,114168667,114.169
rsa,64kb,65536,decrypt,8,111811583,111.812
vigenere,64kb,65536,encrypt,9,29039125,29.039
vigenere,64kb,65536,decrypt,9,28730500,28.730
aes,64kb,65536,encrypt,9,4230253708,4230.254
aes,64kb,65536,decrypt,9,7864149125,7864.149
des3,64kb,65536,encrypt,9,12299367584,12299.368
des3,64kb,65536,decrypt,9,12486739459,12486.739
rsa,64kb,65536,encrypt,9,110531083,110.531
rsa,64kb,65536,decrypt,9,112290416,112.290
vigenere,64kb,65536,encrypt,10,28803125,28.803
vigenere,64kb,65536,decrypt,10,29010541,29.011
aes,64kb,65536,encrypt,10,4268781041,4268.781
aes,64kb,65536,decrypt,10,7947913333,7947.913
des3,64kb,65536,encrypt,10,13104090542,13104.091
des3,64kb,65536,decrypt,10,12544075000,12544.075
rsa,64kb,65536,encrypt,10,178224958,178.225
rsa,64kb,65536,decrypt,10,113305417,113.305
vigenere,100kb,102400,encrypt,1,45533209,45.533
vigenere,100kb,102400,decrypt,1,43901375,43.901
aes,100kb,102400,encrypt,1,6801374750,6801.375
aes,100kb,102400,decrypt,1,12240191208,12240.191
des3,100kb,102400,encrypt,1,19294737125,19294.737
des3,100kb,102400,decrypt,1,19488719208,19488.719
rsa,100kb,102400,encrypt,1,172579959,172.580
rsa,100kb,102400,decrypt,1,174904875,174.905
vigenere,100kb,102400,encrypt,2,45476459,45.476
vigenere,100kb,102400,decrypt,2,44313917,44.314
aes,100kb,102400,encrypt,2,6598739250,6598.739
aes,100kb,102400,decrypt,2,12207264167,12207.264
des3,100kb,102400,encrypt,2,19217163708,19217.164
des3,100kb,102400,decrypt,2,19266898750,19266.899
rsa,100kb,102400,encrypt,2,172147958,172.148
rsa,100kb,102400,decrypt,2,175400667,175.401
vigenere,100kb,102400,encrypt,3,45713250,45.713
vigenere,100kb,102400,decrypt,3,44489417,44.489
aes,100kb,102400,encrypt,3,6601286417,6601.286
aes,100kb,102400,decrypt,3,12212110792,12212.111
des3,100kb,102400,encrypt,3,19276330042,19276.330
des3,100kb,102400,decrypt,3,19630132958,19630.133
rsa,100kb,102400,encrypt,3,342813709,342.814
rsa,100kb,102400,decrypt,3,223485375,223.485
vigenere,100kb,102400,encrypt,4,55593250,55.593
vigenere,100kb,102400,decrypt,4,48306250,48.306
aes,100kb,102400,encrypt,4,6698616250,6698.616
aes,100kb,102400,decrypt,4,12557352833,12557.353
des3,100kb,102400,encrypt,4,19603871166,19603.871
des3,100kb,102400,decrypt,4,19193129000,19193.129
rsa,100kb,102400,encrypt,4,172059833,172.060
rsa,100kb,102400,decrypt,4,235461958,235.462
vigenere,100kb,102400,encrypt,5,46537208,46.537
vigenere,100kb,102400,decrypt,5,44958334,44.958
aes,100kb,102400,encrypt,5,6595209583,6595.210
aes,100kb,102400,decrypt,5,12217353125,12217.353
des3,100kb,102400,encrypt,5,19250398166,19250.398
des3,100kb,102400,decrypt,5,19365028333,19365.028
rsa,100kb,102400,encrypt,5,173368917,173.369
rsa,100kb,102400,decrypt,5,175052542,175.053
vigenere,100kb,102400,encrypt,6,45461833,45.462
vigenere,100kb,102400,decrypt,6,44303000,44.303
aes,100kb,102400,encrypt,6,6693307083,6693.307
aes,100kb,102400,decrypt,6,12333953792,12333.954
des3,100kb,102400,encrypt,6,19388785916,19388.786
des3,100kb,102400,decrypt,6,20299937375,20299.937
rsa,100kb,102400,encrypt,6,173585208,173.585
rsa,100kb,102400,decrypt,6,176407042,176.407
vigenere,100kb,102400,encrypt,7,45777375,45.777
vigenere,100kb,102400,decrypt,7,44632459,44.632
aes,100kb,102400,encrypt,7,6675184084,6675.184
aes,100kb,102400,decrypt,7,12204582792,12204.583
des3,100kb,102400,encrypt,7,19256516000,19256.516
des3,100kb,102400,decrypt,7,19284617667,19284.618
rsa,100kb,102400,encrypt,7,172828833,172.829
rsa,100kb,102400,decrypt,7,176049084,176.049
vigenere,100kb,102400,encrypt,8,44906916,44.907
vigenere,100kb,102400,decrypt,8,46317291,46.317
aes,100kb,102400,encrypt,8,6667927792,6667.928
aes,100kb,102400,decrypt,8,14519828500,14519.828
des3,100kb,102400,encrypt,8,19224666000,19224.666
des3,100kb,102400,decrypt,8,19135949209,19135.949
rsa,100kb,102400,encrypt,8,173921166,173.921
rsa,100kb,102400,decrypt,8,174180000,174.180
vigenere,100kb,102400,encrypt,9,44873583,44.874
vigenere,100kb,102400,decrypt,9,45004750,45.005
aes,100kb,102400,encrypt,9,6744565792,6744.566
aes,100kb,102400,decrypt,9,12310874250,12310.874
des3,100kb,102400,encrypt,9,19267037292,19267.037
des3,100kb,102400,decrypt,9,19235922167,19235.922
rsa,100kb,102400,encrypt,9,175152541,175.153
rsa,100kb,102400,decrypt,9,175180167,175.180
vigenere,100kb,102400,encrypt,10,45284625,45.285
vigenere,100kb,102400,decrypt,10,44038250,44.038
aes,100kb,102400,encrypt,10,6589924916,6589.925
aes,100kb,102400,decrypt,10,12258206958,12258.207
des3,100kb,102400,encrypt,10,19258951791,19258.952
des3,100kb,102400,decrypt,10,19184746542,19184.747
rsa,100kb,102400,encrypt,10,172438500,172.439
rsa,100kb,102400,decrypt,10,174460667,174.461
