timestamp_utc,algorithm,action,input_type,input_size_bytes,elapsed_ns
2026-04-20T18:20:06.662735+00:00,vigenere,decrypt,message,909,1212917
2026-04-20T18:20:12.412162+00:00,vigenere,decrypt,message,909,816334
2026-04-20T18:20:51.471264+00:00,vigenere,decrypt,message,909,475000
2026-04-20T18:22:07.938322+00:00,vigenere,decrypt,message,909,783791
2026-04-20T18:22:59.325457+00:00,vigenere,decrypt,message,909,1174458
2026-04-20T18:24:21.539509+00:00,vigenere,decrypt,message,909,791375
2026-04-20T18:24:30.538623+00:00,vigenere,decrypt,message,909,927708
2026-04-20T18:34:28.416022+00:00,des,encrypt,message,44,12759084
2026-04-20T18:35:46.227559+00:00,des,decrypt,message,48,18226375
2026-04-20T18:40:27.700954+00:00,vigenere,encrypt,message,909,1640459
2026-04-20T18:41:27.390231+00:00,vigenere,encrypt,message,909,996958
2026-04-20T18:41:30.683541+00:00,vigenere,encrypt,message,909,962916
2026-04-20T18:42:19.671102+00:00,vigenere,encrypt,message,909,803000
2026-04-20T18:42:29.854289+00:00,vigenere,decrypt,message,909,1511625
2026-04-20T18:45:33.860679+00:00,aes,encrypt,message,16,2513833
2026-04-20T18:46:58.858173+00:00,aes,encrypt,message,32,2855250
2026-04-20T18:58:58.318770+00:00,rsa,encrypt,message,6,1511750
2026-04-20T19:05:25.975104+00:00,rsa,encrypt,message,6,72709
2026-04-20T19:07:19.803457+00:00,rsa,encrypt,message,6,26125
2026-04-20T19:07:25.774236+00:00,rsa,encrypt,message,6,11958
2026-04-20T19:07:27.467814+00:00,rsa,encrypt,message,6,685500
2026-04-20T19:07:30.198273+00:00,rsa,encrypt,message,6,369250
2026-04-20T19:09:10.609873+00:00,rsa,encrypt,message,6,1715875
2026-04-20T19:09:19.280148+00:00,rsa,encrypt,message,6,139000
2026-04-20T19:12:06.204504+00:00,rsa,encrypt,message,6,625041
2026-04-20T19:15:07.826039+00:00,rsa,encrypt,message,6,397875
2026-04-20T19:15:58.675787+00:00,rsa,encrypt,message,6,99750
2026-04-20T19:48:29.690107+00:00,rsa,encrypt,message,6,792959
2026-04-20T20:00:12.089218+00:00,rsa,decrypt,message,6,87250
2026-04-20T20:00:26.428391+00:00,rsa,decrypt,message,37,60958
2026-04-20T20:01:53.298651+00:00,rsa,decrypt,message,37,12250
2026-04-20T20:02:10.776347+00:00,rsa,decrypt,message,37,33333
2026-04-20T20:02:17.786501+00:00,rsa,encrypt,message,0,576416
2026-04-20T20:04:31.291873+00:00,rsa,encrypt,message,6,51875
2026-04-20T20:05:56.795964+00:00,rsa,encrypt,message,6,89709
2026-04-20T20:06:47.691086+00:00,rsa,encrypt,message,6,588500
2026-04-20T20:09:03.844161+00:00,rsa,encrypt,message,6,252042
2026-04-20T20:09:31.423538+00:00,rsa,encrypt,message,6,417875
2026-04-20T20:10:07.847211+00:00,rsa,encrypt,message,6,597125
2026-04-20T20:10:10.252399+00:00,rsa,encrypt,message,6,367166
2026-04-20T20:10:12.975789+00:00,rsa,encrypt,message,6,470250
2026-04-20T20:10:20.838833+00:00,rsa,encrypt,message,6,55667
2026-04-20T20:52:51.481926+00:00,rsa,encrypt,message,8,63333
2026-04-20T20:53:38.648608+00:00,rsa,encrypt,message,8,77667
2026-04-20T20:53:43.686968+00:00,rsa,encrypt,message,8,45833
2026-04-20T20:53:52.351137+00:00,rsa,encrypt,message,8,73500
2026-04-20T20:54:05.201928+00:00,rsa,encrypt,message,8,84250
2026-04-20T20:54:14.949211+00:00,rsa,encrypt,message,8,55375
2026-04-20T20:54:42.036784+00:00,rsa,encrypt,message,8,99542
2026-04-20T20:55:33.477250+00:00,rsa,encrypt,message,8,80375
2026-04-20T20:55:42.921000+00:00,rsa,encrypt,message,8,67917
2026-04-21T01:40:05.409321+00:00,vigenere,decrypt,message,909,729792
2026-04-21T01:40:35.473838+00:00,vigenere,encrypt,message,14,46333
2026-04-21T01:41:11.073367+00:00,des,encrypt,message,44,16809291
2026-04-21T01:41:24.080676+00:00,des,decrypt,message,48,15596584
2026-04-21T01:58:03.348220+00:00,rsa,encrypt,file,0,52208
2026-04-21T01:59:04.841881+00:00,des,encrypt,file,26638,5022906084
2026-04-21T02:01:31.213442+00:00,rsa,encrypt,message,5,60416
2026-04-21T02:01:41.063432+00:00,rsa,encrypt,message,5,44417
2026-04-21T02:01:53.622247+00:00,rsa,encrypt,file,26638,45408834
2026-04-21T02:03:51.793337+00:00,rsa,decrypt,file,0,72875
2026-04-21T02:04:06.610379+00:00,rsa,encrypt,file,0,70042
2026-04-21T02:04:10.983769+00:00,rsa,encrypt,file,0,32042
2026-04-21T02:04:15.052335+00:00,rsa,encrypt,file,0,237250
2026-04-21T02:05:12.357977+00:00,rsa,encrypt,file,0,53333
2026-04-21T02:05:23.488114+00:00,rsa,encrypt,file,26638,53030292
2026-04-21T02:05:40.477882+00:00,rsa,encrypt,file,26638,53517375
2026-04-21T02:07:36.856515+00:00,des,encrypt,file,26638,5027967166